predicted_class,count,mean,std,min,25%,50%,75%,max
tired,15.0,84.0524943669637,17.79899727167032,48.74039590358734,76.87195837497711,93.26432943344116,97.10119664669037,99.5652437210083
hungry,2.0,59.14753079414368,10.873094555058655,51.459091901779175,55.303311347961426,59.14753079414368,62.99175024032593,66.83596968650818
discomfort,2.0,44.07469183206558,8.297064422675833,38.20778131484985,41.14123657345772,44.07469183206558,47.00814709067345,49.94160234928131
